Country,Region,Status,Primary Mirror,All Mirror URLs
Algeria,Africa,Available,https://sa.1xbet.com,"https://sa.1xbet.com, https://1xbet.lat, https://1xbet.com, https://1xbet.mobi"
Angola,Africa,Available,https://sa.1xbet.com,"https://sa.1xbet.com, https://1xbet.lat, https://1xbet.com, https://1xbet.mobi"
Benin,Africa,Available,https://sa.1xbet.com,"https://sa.1xbet.com, https://1xbet.lat, https://1xbet.com, https://1xbet.mobi"
Botswana,Africa,Available,https://sa.1xbet.com,"https://sa.1xbet.com, https://1xbet.lat, https://1xbet.com, https://1xbet.mobi"
Cameroon,Africa,Available,https://1xbet.cm,"https://1xbet.cm, https://sa.1xbet.com, https://1xbet.lat, https://1xbet.com, https://1xbet.mobi"
Chad,Africa,Available,https://sa.1xbet.com,"https://sa.1xbet.com, https://1xbet.lat, https://1xbet.com, https://1xbet.mobi"
Congo,Africa,Available,https://sa.1xbet.com,"https://sa.1xbet.com, https://1xbet.lat, https://1xbet.com, https://1xbet.mobi"
Egypt,Africa,Available,https://sa.1xbet.com,"https://sa.1xbet.com, https://1xbet.lat, https://1xbet.com, https://1xbet.mobi"
Ghana,Africa,Available,https://1xbet.com.gh,"https://1xbet.com.gh, https://sa.1xbet.com, https://1xbet.lat, https://1xbet.com, https://1xbet.mobi"
Kenya,Africa,Available,https://1xbet.co.ke,"https://1xbet.co.ke, https://sa.1xbet.com, https://1xbet.lat, https://1xbet.com, https://1xbet.mobi"
Madagascar,Africa,Available,https://sa.1xbet.com,"https://sa.1xbet.com, https://1xbet.lat, https://1xbet.com, https://1xbet.mobi"
Malawi,Africa,Available,https://sa.1xbet.com,"https://sa.1xbet.com, https://1xbet.lat, https://1xbet.com, https://1xbet.mobi"
Mali,Africa,Available,https://sa.1xbet.com,"https://sa.1xbet.com, https://1xbet.lat, https://1xbet.com, https://1xbet.mobi"
Morocco,Africa,Available,https://sa.1xbet.com,"https://sa.1xbet.com, https://1xbet.lat, https://1xbet.com, https://1xbet.mobi"
Mozambique,Africa,Available,https://1xbet.co.mz,"https://1xbet.co.mz, https://sa.1xbet.com, https://1xbet.lat, https://1xbet.com, https://1xbet.mobi"
Namibia,Africa,Available,https://sa.1xbet.com,"https://sa.1xbet.com, https://1xbet.lat, https://1xbet.com, https://1xbet.mobi"
Nigeria,Africa,Available,https://sa.1xbet.com,"https://sa.1xbet.com, https://1xbet.lat, https://1xbet.com, https://1xbet.mobi"
Senegal,Africa,Available,https://1xbet.sn,"https://1xbet.sn, https://sa.1xbet.com, https://1xbet.lat, https://1xbet.com, https://1xbet.mobi"
South Africa,Africa,Available,https://sa.1xbet.com,"https://sa.1xbet.com, https://1xbet.lat, https://1xbet.com, https://1xbet.mobi"
Tanzania,Africa,Available,https://1xbet.tz,"https://1xbet.tz, https://sa.1xbet.com, https://1xbet.lat, https://1xbet.com, https://1xbet.mobi"
Uganda,Africa,Available,https://1xbet.ug,"https://1xbet.ug, https://sa.1xbet.com, https://1xbet.lat, https://1xbet.com, https://1xbet.mobi"
Zambia,Africa,Available,https://1xbet.co.zm,"https://1xbet.co.zm, https://sa.1xbet.com, https://1xbet.lat, https://1xbet.com, https://1xbet.mobi"
Zimbabwe,Africa,Available,https://sa.1xbet.com,"https://sa.1xbet.com, https://1xbet.lat, https://1xbet.com, https://1xbet.mobi"
Argentina,Americas,Available,https://1xbet.com.ar,"https://1xbet.com.ar, https://sa.1xbet.com, https://1xbet.lat, https://1xbet.com, https://1xbet.mobi"
Bolivia,Americas,Available,https://sa.1xbet.com,"https://sa.1xbet.com, https://1xbet.lat, https://1xbet.com, https://1xbet.mobi"
Brazil,Americas,Available,https://1xbet.lat,"https://1xbet.lat, https://sa.1xbet.com, https://1xbet.com, https://1xbet.mobi"
Chile,Americas,Available,https://1xbet.lat,"https://1xbet.lat, https://sa.1xbet.com, https://1xbet.com, https://1xbet.mobi"
Colombia,Americas,Available,https://1xbet.lat,"https://1xbet.lat, https://sa.1xbet.com, https://1xbet.com, https://1xbet.mobi"
Costa Rica,Americas,Available,https://sa.1xbet.com,"https://sa.1xbet.com, https://1xbet.lat, https://1xbet.com, https://1xbet.mobi"
Ecuador,Americas,Available,https://sa.1xbet.com,"https://sa.1xbet.com, https://1xbet.lat, https://1xbet.com, https://1xbet.mobi"
Mexico,Americas,Available,https://1xbet.com.mx,"https://1xbet.com.mx, https://sa.1xbet.com, https://1xbet.lat, https://1xbet.com, https://1xbet.mobi"
Peru,Americas,Available,https://1xbet.pe,"https://1xbet.pe, https://sa.1xbet.com, https://1xbet.lat, https://1xbet.com, https://1xbet.mobi"
Uruguay,Americas,Available,https://sa.1xbet.com,"https://sa.1xbet.com, https://1xbet.lat, https://1xbet.com, https://1xbet.mobi"
Venezuela,Americas,Available,https://sa.1xbet.com,"https://sa.1xbet.com, https://1xbet.lat, https://1xbet.com, https://1xbet.mobi"
Bangladesh,Asia,Available,https://1xbetbd.com,"https://1xbetbd.com, https://sa.1xbet.com, https://1xbet.lat, https://1xbet.com, https://1xbet.mobi"
China,Asia,Available,https://sa.1xbet.com,"https://sa.1xbet.com, https://1xbet.lat, https://1xbet.com, https://1xbet.mobi"
India,Asia,Available,https://1xbet.in,"https://1xbet.in, https://sa.1xbet.com, https://1xbet.lat, https://1xbet.com, https://1xbet.mobi"
Indonesia,Asia,Available,https://sa.1xbet.com,"https://sa.1xbet.com, https://1xbet.lat, https://1xbet.com, https://1xbet.mobi"
Japan,Asia,Available,https://sa.1xbet.com,"https://sa.1xbet.com, https://1xbet.lat, https://1xbet.com, https://1xbet.mobi"
Kazakhstan,Asia,Available,https://1xbet.kz,"https://1xbet.kz, https://sa.1xbet.com, https://1xbet.lat, https://1xbet.com, https://1xbet.mobi"
Malaysia,Asia,Available,https://sa.1xbet.com,"https://sa.1xbet.com, https://1xbet.lat, https://1xbet.com, https://1xbet.mobi"
Nepal,Asia,Available,https://sa.1xbet.com,"https://sa.1xbet.com, https://1xbet.lat, https://1xbet.com, https://1xbet.mobi"
Pakistan,Asia,Available,https://sa.1xbet.com,"https://sa.1xbet.com, https://1xbet.lat, https://1xbet.com, https://1xbet.mobi"
Philippines,Asia,Available,https://1xbet.ph,"https://1xbet.ph, https://sa.1xbet.com, https://1xbet.lat, https://1xbet.com, https://1xbet.mobi"
Singapore,Asia,Available,https://sa.1xbet.com,"https://sa.1xbet.com, https://1xbet.lat, https://1xbet.com, https://1xbet.mobi"
Sri Lanka,Asia,Available,https://sa.1xbet.com,"https://sa.1xbet.com, https://1xbet.lat, https://1xbet.com, https://1xbet.mobi"
Thailand,Asia,Available,https://1xbetth.com,"https://1xbetth.com, https://sa.1xbet.com, https://1xbet.lat, https://1xbet.com, https://1xbet.mobi"
Vietnam,Asia,Available,https://sa.1xbet.com,"https://sa.1xbet.com, https://1xbet.lat, https://1xbet.com, https://1xbet.mobi"
Austria,Europe,Available,https://sa.1xbet.com,"https://sa.1xbet.com, https://1xbet.lat, https://1xbet.com, https://1xbet.mobi"
Finland,Europe,Available,https://sa.1xbet.com,"https://sa.1xbet.com, https://1xbet.lat, https://1xbet.com, https://1xbet.mobi"
Germany,Europe,Available,https://sa.1xbet.com,"https://sa.1xbet.com, https://1xbet.lat, https://1xbet.com, https://1xbet.mobi"
Greece,Europe,Available,https://sa.1xbet.com,"https://sa.1xbet.com, https://1xbet.lat, https://1xbet.com, https://1xbet.mobi"
Hungary,Europe,Available,https://sa.1xbet.com,"https://sa.1xbet.com, https://1xbet.lat, https://1xbet.com, https://1xbet.mobi"
Iceland,Europe,Available,https://sa.1xbet.com,"https://sa.1xbet.com, https://1xbet.lat, https://1xbet.com, https://1xbet.mobi"
Ireland,Europe,Available,https://sa.1xbet.com,"https://sa.1xbet.com, https://1xbet.lat, https://1xbet.com, https://1xbet.mobi"
Latvia,Europe,Available,https://sa.1xbet.com,"https://sa.1xbet.com, https://1xbet.lat, https://1xbet.com, https://1xbet.mobi"
Lithuania,Europe,Available,https://sa.1xbet.com,"https://sa.1xbet.com, https://1xbet.lat, https://1xbet.com, https://1xbet.mobi"
Luxembourg,Europe,Available,https://sa.1xbet.com,"https://sa.1xbet.com, https://1xbet.lat, https://1xbet.com, https://1xbet.mobi"
Malta,Europe,Available,https://sa.1xbet.com,"https://sa.1xbet.com, https://1xbet.lat, https://1xbet.com, https://1xbet.mobi"
Norway,Europe,Available,https://sa.1xbet.com,"https://sa.1xbet.com, https://1xbet.lat, https://1xbet.com, https://1xbet.mobi"
Romania,Europe,Available,https://sa.1xbet.com,"https://sa.1xbet.com, https://1xbet.lat, https://1xbet.com, https://1xbet.mobi"
Slovakia,Europe,Available,https://sa.1xbet.com,"https://sa.1xbet.com, https://1xbet.lat, https://1xbet.com, https://1xbet.mobi"
Slovenia,Europe,Available,https://sa.1xbet.com,"https://sa.1xbet.com, https://1xbet.lat, https://1xbet.com, https://1xbet.mobi"
Sweden,Europe,Available,https://sa.1xbet.com,"https://sa.1xbet.com, https://1xbet.lat, https://1xbet.com, https://1xbet.mobi"
Ukraine,Europe,Available,https://ua-1xbet.com,"https://ua-1xbet.com, https://sa.1xbet.com, https://1xbet.lat, https://1xbet.com, https://1xbet.mobi"
Armenia,Middle East,Available,https://sa.1xbet.com,"https://sa.1xbet.com, https://1xbet.lat, https://1xbet.com, https://1xbet.mobi"
Azerbaijan,Middle East,Available,https://sa.1xbet.com,"https://sa.1xbet.com, https://1xbet.lat, https://1xbet.com, https://1xbet.mobi"
Bahrain,Middle East,Available,https://sa.1xbet.com,"https://sa.1xbet.com, https://1xbet.lat, https://1xbet.com, https://1xbet.mobi"
Georgia,Middle East,Available,https://sa.1xbet.com,"https://sa.1xbet.com, https://1xbet.lat, https://1xbet.com, https://1xbet.mobi"
Iran,Middle East,Available,https://sa.1xbet.com,"https://sa.1xbet.com, https://1xbet.lat, https://1xbet.com, https://1xbet.mobi"
Iraq,Middle East,Available,https://sa.1xbet.com,"https://sa.1xbet.com, https://1xbet.lat, https://1xbet.com, https://1xbet.mobi"
Jordan,Middle East,Available,https://sa.1xbet.com,"https://sa.1xbet.com, https://1xbet.lat, https://1xbet.com, https://1xbet.mobi"
Kuwait,Middle East,Available,https://sa.1xbet.com,"https://sa.1xbet.com, https://1xbet.lat, https://1xbet.com, https://1xbet.mobi"
Lebanon,Middle East,Available,https://sa.1xbet.com,"https://sa.1xbet.com, https://1xbet.lat, https://1xbet.com, https://1xbet.mobi"
Oman,Middle East,Available,https://sa.1xbet.com,"https://sa.1xbet.com, https://1xbet.lat, https://1xbet.com, https://1xbet.mobi"
Qatar,Middle East,Available,https://sa.1xbet.com,"https://sa.1xbet.com, https://1xbet.lat, https://1xbet.com, https://1xbet.mobi"
Saudi Arabia,Middle East,Available,https://sa.1xbet.com,"https://sa.1xbet.com, https://1xbet.lat, https://1xbet.com, https://1xbet.mobi"
Syria,Middle East,Available,https://sa.1xbet.com,"https://sa.1xbet.com, https://1xbet.lat, https://1xbet.com, https://1xbet.mobi"
Turkey,Middle East,Available,https://sa.1xbet.com,"https://sa.1xbet.com, https://1xbet.lat, https://1xbet.com, https://1xbet.mobi"
United Arab Emirates,Middle East,Available,https://sa.1xbet.com,"https://sa.1xbet.com, https://1xbet.lat, https://1xbet.com, https://1xbet.mobi"
Australia,Oceania,Available,https://sa.1xbet.com,"https://sa.1xbet.com, https://1xbet.lat, https://1xbet.com, https://1xbet.mobi"
New Zealand,Oceania,Available,https://sa.1xbet.com,"https://sa.1xbet.com, https://1xbet.lat, https://1xbet.com, https://1xbet.mobi"
Papua New Guinea,Oceania,Available,https://sa.1xbet.com,"https://sa.1xbet.com, https://1xbet.lat, https://1xbet.com, https://1xbet.mobi"
